"full.name.of.describer.n","last.name","alive","residence.country.describer.first","describer.gender.n","n_pubs","spp_N","min","max_corrected"
"A. Grech","Grech","U",,"U",1,1,1998,1998
"A. Hensel","Hensel","N",,"U",1,1,1870,1870
"Abdulaziz S. Alqarni","Alqarni","Y","Saudi Arabia","M",2,2,2012,2018
"Achik Dorchin","Dorchin","Y","Israel","M",2,9,2018,2018
"Achille Costa","Costa [A.]","N","Italy","M",8,29,1858,1888
"Adam White","White [A.]","N","United Kingdom","M",1,1,1851,1851
"Adolf [Adolpho] Ducke","Ducke","N","Italy","M",27,123,1897,1925
"Adolfo Doering","Doering","N","Argentina","M",1,1,1875,1875
"Ahmad Nadimi","Nadimi","Y","Iran","M",1,1,2014,2018
"Ahmatjan Dawut","Dawut","U","Japan","M",1,1,2005,2005
"Alain Pauly","Pauly","Y","Belgium","M",59,320,1980,2018
"Albert A. Grigarick","Grigarick","Y","United States of America","M",1,2,1964,2018
"Alberto H. Abrahamovich","Abrahamovich","Y","Argentina","M",4,6,2002,2018
"Alejandro Aleksandrovich Ogloblin","Ogloblin","N","Argentina","M",4,8,1948,1957
"Alejandro Parra-H","Parra","Y","Colombia","M",1,1,2006,2018
"Aleksandr Stepanovich Skorikov","Skorikov","N","Russian Federation","M",23,108,1908,1938
"Aleksey Pavlovich Fedtschenko","Fedtschenko","N","Russian Federation","M",1,38,1875,1875
"Alexander Georgewitsch Lebedev","Lebedev","N","Ukraine","M",7,16,1911,1933
"Alexander Henry [or Enrico Alessandro or Alexis Heinrich] Haliday","Haliday","N","Ireland","M",1,8,1836,1836
"Alexander Lall","Lall","U","India","M",1,1,2004,2004
"Alexander [Sándor] Mocsáry","Mocsáry","N","Hungary","M",25,120,1877,1908
"Alexsander A. Azevedo","Azevedo","U","Brazil","M",1,2,2005,2005
"Alfred [Alec] A. Sitdikov","Sitdikov","U","Russian Federation","M",4,5,1986,1988
"Ali Asghar Talebi","Talebi","Y","Iran","M",1,1,2014,2018
"Ali Shallan Moalif","Moalif","U","United States of America","M",1,4,1988,1988
"Alice Barringer Mackie","Mackie","N","New Zealand","F",1,5,1933,1933
"Alina Nilovna Kupianskaya","Kupianskaya","U","Russian Federation","U",1,1,2000,2000
"Allan Henry Smith-Pardo","Smith-Pardo","Y","United States of America","M",13,29,2004,2018
"Alpheus Spring Packard, Jr.","Packard","N","United States of America","M",2,11,1867,1869
"Alvaro Wille","Wille","N","Costa Rica","M",2,2,1965,1969
"Alvin Fleetwood Shinn","Shinn","N","United States of America","M",4,29,1965,2003
"Amédée Louis Michel le Peletier, comte de Saint-Fargeau","Lepeletier","N","France","M",8,353,1825,1845
"Ana Rita Gonçalves","Gonçalves [A. R.]","Y","Portugal","F",1,1,2018,2018
"Anders Christian Jensen-Haarup","Jensen-Haarup","N","Denmark","M",2,4,1908,1909
"Anders Gustaf Dahlbom","Dahlbom","N","Sweden","M",1,5,1832,1832
"Anders Jahan Retzius","Retzius","N","Sweden","M",1,1,1783,1783
"Andreas Bertsch","Bertsch","U","Germany","M",1,1,2014,2014
"Andreas Dubitzky","Dubitzky","Y","Germany","M",6,15,2004,2018
"Andreas Müller","Müller [A.]","Y","Switzerland","M",14,35,2002,2018
"Andreas Werner Ebmer","Ebmer","Y","Austria","M",63,281,1969,2018
"Andrej Gogala","Gogala","Y","Slovenia","M",1,1,1991,2018
"Andrew R. Moldenke","Moldenke","Y","United States of America","M",1,38,1979,2018
"Andrzej Ruszkowski","Ruszkowski","U","United Kingdom","M",2,2,1988,1994
"André Nemésio","Nemésio","Y","Brazil","M",17,28,2005,2018
"Anna Zakharovna Osytshnjuk","Osytshnjuk","N","Ukraine","F",24,88,1975,2005
"Anne E. Dollin","Dollin [A. E.]","U","Austria","F",1,1,2015,2015
"Anselm Kratochwil","Kratochwil","Y","Germany","M",2,3,2013,2018
"Anthony W. Raw","Raw","Y","Brazil","M",3,8,1984,2018
"Anton Handlirsch","Handlirsch","N","Austria","M",3,15,1888,1889
"Anton von Schulthess-Rechberg","Schulthess","N","Switzerland","M",2,5,1886,1924
"Antonio Giordani Soika","Giordani Soika","N","Italy","M",1,2,1944,1944
"Antonio José Camillo Aguiar","Aguiar","Y","Brazil","M",7,52,2007,2018
"Ardeshir Ariana","Ariana","Y","Japan","M",1,2,2010,2018
"Arkady S. Lelej","Lelej","Y","Russian Federation","M",5,6,2000,2018
"Armando Luigi Picaglia Benzi","Benzi","N","Italy","M",1,1,1892,1892
"Arnaldo de Winkelried Bertoni","Bertoni","N","Paraguay","M",2,23,1910,1918
"Arnold Förster","Förster","N","Germany","M",4,97,1853,1871
"Arthur Wilson Stelfox","Stelfox","N","United Kingdom","M",1,1,1933,1933
"Arturo Roig-Alsina","Roig-Alsina","Y","Argentina","M",34,107,1987,2018
"Astrid Løken","Løken","N","Norway","F",1,2,1973,1973
"Asya Anatol'evna Ponomareva","Ponomareva","N","Russian Federation","F",3,4,1961,1967
"Ataur Rahman","Rahman","U","India","M",2,4,1994,1997
"August Pollmann","Pollmann","N","Germany","M",1,5,1879,1879
"August Schletterer","Schletterer","N","Germany","M",4,34,1889,1891
"Austin Winfield Morrill","Morrill","N","United States of America","M",1,3,1903,1903
"Avdhesh Kumar","Kumar [A.]","U","India","U",1,1,2004,2004
"B. Lucas de Oliveira","Lucas de Oliveira","U","Brazil","U",1,1,1962,1962
"B. Y. Kuang","Kuang","U","China","U",1,2,1986,1986
"Barrett Anthony Klein","Klein","Y","United States of America","M",1,2,1997,2018
"Barry James Donovan","Donovan","Y","United States of America","M",5,36,1977,2018
"Beatriz Woiski Teixeira Coelho","Coelho","Y","Brazil","F",3,13,2004,2018
"Benjamin Bembé","Bembé","Y","Germany","M",4,4,2007,2018
"Betânia Truylio","Truylio","U","Brazil","F",1,1,2003,2003
"Beulah Hix Blair","Blair","N","United States of America","F",2,4,1930,1935
"Birgit Harter-Marques","Harter-Marques","Y","Brazil","F",2,2,2001,2018
"Blandina Felipe Viana","Viana","Y","Brazil","F",2,2,2001,2018
"Bo G. Svensson","Svensson","Y","Sweden","M",1,1,1977,2018
"Borek Tkalcu","Tkalcu","N","Czech Republic","M",54,200,1959,2009
"Boris O. Schlumpberger","Schlumpberger","Y","Germany","M",1,1,2008,2018
"Bronislaw Debski","Debski","N","Poland","M",1,2,1917,1917
"Bruno Pittioni","Pittioni","N","Austria","M",16,76,1937,1953
"Bryan Nicholas Danforth","Danforth","Y","United States of America","M",2,4,1992,2018
"Camillo Róndani","Róndani","N","Italy","M",1,2,1874,1874
"Canan Hazir","Hazir","Y","Turkey","F",2,4,2008,2018
"Carl Edmund Atwood","Atwood","N","Canada","M",3,6,1934,1966
"Carl Gustaf Thomson","Thomson","N","Sweden","M",3,36,1870,1879
"Carl Johan Schönherr","Schönherr","N","Sweden","M",1,1,1809,1809
"Carl Schirmer","Schirmer","N","Germany","M",1,1,1915,1915
"Carlos Alberto Campos Seabra","Seabra","N","Brazil","M",6,12,1959,1962
"Carlos Balboa","Balboa","Y","Mexico","M",1,8,2017,2018
"Carlos Hernan Vergara","Vergara","Y","Mexico","M",2,3,2004,2018
"Carolus Linnaeus [Carl von Linné]","Linnaeus","N","Sweden","M",5,50,1758,1771
"Carroll Fowler","Fowler","N","United States of America","M",5,15,1899,1902
"Cedric Cyril Dover","Dover","N","India","M",3,8,1924,1929
"Chang-Whan Kim","Kim [C.-W]","U","Korea, South","M",1,4,1989,1989
"Chao-dong Zhu","Zhu","Y","China","M",11,27,2011,2018
"Chariya Lekprayoon","Lekprayoon","Y","Thailand","F",1,1,2012,2018
"Charles A. Robertson","Robertson","N","United States of America","M",27,214,1890,1928
"Charles Athanase Walckenaer","Walckenaer","N","France","M",2,6,1802,1817
"Charles De Geer","De Geer","N","Sweden","M",2,12,1773,1778
"Charles Duncan Michener","Michener","N","United States of America","M",112,571,1935,2017
"Charles Ferton","Ferton","N","France","M",11,17,1895,1921
"Charles Fuller Baker","Baker [C. F.]","N","Philippines","M",4,13,1906,1907
"Charles George Nurse","Nurse","N","India","M",5,83,1902,1907
"Charles H. Hicks","Hicks","N","United States of America","M",2,2,1926,1933
"Charles Joseph de Villers [Devillers]","de Villers","N","France","M",1,3,1789,1789
"Charles L. Fox","Fox [C. L.]","N","United States of America","M",1,1,1926,1926
"Charles Thomas Bingham","Bingham","N","Myanmar","M",13,81,1890,1912
"Charles Thomas Brues","Brues","N","United States of America","M",1,1,1903,1903
"Charles William Metz","Metz","N","United States of America","M",2,18,1910,1911
"Charlotte Skov","Skov","Y","Denmark","F",1,1,2006,2018
"Christian Rudolph Wilhelm Wiedemann","Wiedemann","N","Germany","M",2,2,1821,1824
"Christophe J. Praz","Praz","Y","Switzerland","M",2,6,2018,2018
"Christopher O'Toole","O'Toole","Y","United Kingdom","M",1,1,1974,2018
"Cindy Julieth Celis","Celis","Y","Colombia","F",1,2,2014,2018
"Claus Rasmussen","Rasmussen","Y","Denmark","M",8,9,2006,2018
"Clemens Schlindwein","Schlindwein","Y","Brazil","M",3,15,1998,2018
"Coenraad Ritsema","Ritsema","N","Netherlands","M",9,23,1873,1880
"Coert Smit Grobbelaar","Grobbelaar","N","South Africa","M",1,1,1928,1928
"Concepción Ornosa","Ornosa","Y","Spain","F",1,1,2001,2018
"Connal D. Eardley","Eardley","Y","South Africa","M",30,120,1983,2018
"Constantin Ludwi Bramson","Bramson","N","France","M",1,5,1879,1879
"Constantin Wesmael","Wesmael","N","Belgium","M",2,4,1835,1865
"Cory Silas Sheffield","Sheffield","Y","Canada","M",3,3,2011,2018
"D. Zhuang","Zhuang","U","China","U",1,8,1989,1989
"Da-Wei Huang","Huang","U","China","M",1,1,2004,2004
"Daniel H. Tapia","Tapia","Y","Chile","M",1,4,2003,2018
"Daniel J. Bennett","Bennett [D. J.]","Y","United States of America","M",1,2,2012,2018
"Daniel Viktor Mattias Gaunitz","Gaunitz","N","Sweden","M",1,1,1935,1935
"Daniele R. Parizotto","Parizotto","Y","Brazil","F",3,7,2010,2018
"Danny Vélez","Vélez","Y","Colombia","M",5,6,2007,2018
"Danúncia Urban","Urban [D.]","Y","Brazil","F",71,315,1961,2018
"David A. Tanner","Tanner","U","United States of America","M",1,2,2009,2009
"David Genoud","Genoud","Y","France","M",1,1,2019,2018
"David L. Evans","Evans [D. L.]","U","United States of America","M",1,4,1972,1972
"David W. Baldock","Baldock","U","United Kingdom","M",1,1,2013,2013
"David W. Ribble","Ribble","U","United States of America","M",6,31,1965,1975
"David Ward Roubik","Roubik","Y","Panama","M",9,16,1980,2018
"Deborah R. Smith","Smith [D. R.]","Y","United States of America","F",2,3,1991,2018
"Delfa Guiglia","Guiglia","N","Italy","M",4,5,1929,1940
"Denis Michez","Michez","Y","Belgium","M",16,23,2002,2018
"Derek Kyle Broemeling","Broemeling","U","United States of America","M",2,5,1988,1989
"Dieter Stefan Peters","Peters","Y","Germany","M",11,28,1970,2018
"Dieter Wittmann","Wittmann","U","Germany","M",1,1,1990,1990
"Dmitriy Viktorovich Panfilov","Panfilov","N","Russian Federation","M",1,4,1956,1956
"Domenico Maria Leone Cirillo [Cyrillo]","Cirillo","N","Italy","M",1,1,1787,1787
"Donald Burton Baker","Baker [D. B.]","N","United Kingdom","M",22,35,1971,2006
"Douglas Yanega","Yanega","Y","United States of America","M",1,6,1997,2018
"Dru Drury","Drury","N","United Kingdom","M",2,2,1770,1773
"Earle A. Cross","Cross [E. A.]","U","United States of America","M",1,3,1958,1958
"Earle Gorton Linsley","Linsley","N","United States of America","M",27,94,1937,1976
"Ed. J. R. Scholz","Scholz","N","Germany","M",1,1,1924,1924
"Edgar Krüger","Krüger","N","Germany","M",7,22,1931,1958
"Edgard Cédric Fabre Anguilet","Fabre Anguilet","Y","Belgium","U",1,1,2013,2018
"Edinaldo Luz das Neves","Neves","Y","Brazil","M",1,1,2001,2018
"Eduard Friedrich Eversmann","Eversmann","N","Russian Federation","M",3,103,1846,1854
"Eduard Heinrich Graeffe","Graeffe","N","Switzerland","M",1,1,1902,1902
"Eduard Hoffer","Hoffer","N","Slovenia","M",5,11,1882,1889
"Eduard Stanek","Stanek","U","Czech Republic","M",3,8,1968,1969
"Eduardo Andrade Botelho de Almeida","Almeida [E. A. B.]","Y","Brazil","M",5,13,1904,2018
"Eduardo Ladislao Holmberg","Holmberg","N","Argentina","M",15,227,1884,1921
"Edward Newman","Newman","N","United Kingdom","M",1,6,1835,1835
"Edward Saunders","Saunders [E.]","N","United Kingdom","M",10,51,1879,1910
"Edward Sharpe Gaige Titus","Titus","N","United States of America","M",10,23,1900,1906
"Edward Turner Bennett","Bennett [E. T.]","N","United Kingdom","M",1,1,1831,1831
"Edwyn Charles [""Carlos""] Reed [Brookman]","Reed [E. C.]","N","Chile","M",2,4,1892,1894
"Edwyn Pastor Reed Rosa","Reed [E. P.]","N","Chile","M",2,2,1930,1947
"Elbert R. Jaycox","Jaycox","U","United States of America","M",1,1,1963,1963
"Elbert Stephen Tucker","Tucker","N","United States of America","M",1,1,1909,1909
"Elie-Jean-François Le Guillou","Le Guillou","N","France","M",1,1,1841,1841
"Elizabeth Chiappa","Chiappa","Y","Chile","F",2,3,1989,2018
"Elizabeth Morris Exley","Exley","N","Australia","F",36,234,1968,2008
"Ellen Ordway","Ordway","N","United States of America","F",2,5,1964,1966
"Embrik Strand","Strand","N","Norway","M",57,566,1909,1938
"Emil Frey-Gessner","Frey-Gessner","N","Switzerland","M",5,10,1900,1908
"Emil Stoeckhert","Stoeckhert [E.]","N","Germany","M",11,24,1922,1950
"Emily L. Bzdyk","Bzdyk","U","United States of America","F",1,1,2012,2012
"Endre Zilahi-Kiss","Zilahi-Kiss","N","Romania","M",2,5,1915,1927
"Eric Schwimmer","Schwimmer","U","United States of America","M",1,2,1980,1980
"Erich Grütte","Grütte","U","Germany","M",1,3,1940,1940
"Erin Willis","Willis","U","Canada","F",1,3,2008,2008
"Erkki Valkeila","Valkeila","N","Finland","M",1,1,1954,1954
"Ernst August Hellmuth von Keisenwetter","Keisenwetter","N","Germany","M",1,2,1860,1860
"Ernst Clément","Clément","N","Austria","F",1,1,1922,1922
"Ernst Friedrich Germar","Germar","N","Germany","M",3,4,1815,1839
"Ernst Ludwig Taschenberg","Taschenberg","N","Germany","M",3,6,1872,1883
"Erwin Scheuchl","Scheuchl","Y","Germany","M",18,38,2000,2018
"Evandson José dos Anjos-Silva","Anjos-Silva","Y","Brazil","M",1,1,2006,2018
"Evgen Jaeger","Jaeger","N","Slovenia","M",1,3,1934,1934
"Ezra Townsend Cresson [senior]","Cresson","N","United States of America","M",18,598,1863,1879
"F. G. Smith","Smith [F. G.]","U","Tanzania","U",1,2,1961,1961
"Fabrício R. Santos","Santos [F. R.]","Y","Brazil","M",1,1,2015,2018
"Favízia Freitas de Oliveira","Oliveira [F. F.]","Y","Brazil","F",6,8,2003,2018
"Felipe V. Freitas","Freitas","Y","Brazil","M",1,1,2017,2018
"Felipe Vivallo [Felipe Rodrigo Vivallo Martínez]","Vivallo","Y","Chile","M",12,15,2003,2018
"Ferdinand Ferdinandovich Morawitz","Morawitz","N","Russian Federation","M",33,728,1865,1897
"Ferdinand K. Stoeckhert","Stoeckhert [F. K.]","N","Germany","M",2,2,1933,1954
"Ferdinand Rudow","Rudow","N","Germany","M",2,4,1879,1881
"Fernand [Anatole] Meunier","Meunier","N","Belgium","M",7,8,1888,1890
"Fernando Amaral da Silveira","Silveira","Y","Brazil","M",11,19,1995,2018
"Fernando César Vieira Zanella","Zanella","Y","Brazil","M",5,6,2002,2018
"Fernando Fernández","Fernández","Y","Colombia","M",2,3,2013,2018
"Filippo Silvestri","Silvestri","N","Italy","M",1,3,1902,1902
"Flaminio Ruiz Pereira (O. de M.)","Ruiz","N","Chile","M",5,20,1935,1942
"Francesco [""Franz""] von Biegeleben","Biegeleben","N","Italy","M",1,1,1932,1932
"Francis David Morice","Morice","N","United Kingdom","M",5,17,1899,1921
"Francis J. Ball","Ball","N","Belgium","M",1,2,1914,1914
"Francis Walker","Walker [F.]","N","United Kingdom","M",2,46,1860,1871
"Francisco Javier Ortiz-Sánchez","Ortiz-Sánchez","Y","Spain","M",2,2,2001,2018
"Francisco La Roche","La Roche","Y","Chile","M",2,3,2002,2018
"Frank D. Parker","Parker","Y","United States of America","M",13,25,1976,2018
"Frank P. Sivik","Sivik","U","United States of America","M",1,1,1957,1957
"Franz Friedrich Kohl","Kohl","N","Austria","M",6,26,1892,1908
"Franz Maidl","Maidl","N","Austria","M",3,26,1912,1924
"Franz Sickmann","Sickmann","N","Germany","M",1,1,1894,1894
"Franz von Paula Schrank","Schrank","N","Germany","M",2,14,1781,1802
"Franz von Wagner","Wagner","N","Germany","M",1,1,1904,1904
"Frederick Smith","Smith [F.]","N","United Kingdom","M",61,1331,1842,1879
"Frederick William Lambert Sladen","Sladen","N","Canada","M",7,10,1912,1919
"Fresia Rojas","Rojas","U","Chile","F",6,21,1968,2001
"Friedrich Ruttner","Ruttner","N","Austria","M",3,6,1975,1988
"Fritz Josef [Friedrich] Gusenleitner","Gusenleitner","Y","Austria","M",22,53,1985,2018
"Fritz [Johann Friedrich Theodor] Müller","Müller [F.]","N","Brazil","M",3,6,1875,1921
"Frédéric Jules Sichel","Sichel","N","France","M",10,48,1854,1873
"Frédérick Chevrier","Chevrier","N","Switzerland","M",1,11,1872,1872
"Félix Édouard Guérin-Méneville","Guérin-Méneville","N","France","M",4,26,1831,1845
"G. H. Yang","Yang","U","China","U",1,2,1986,1986
"G. K. L. Goetze","Goetze","U","Germany","U",1,2,1964,1964
"G. Montagano","Montagano","N","Italy","M",1,1,1911,1911
"G. Trautmann","Trautmann [G.]","N",,"M",1,1,1915,1915
"Gabriel Augusto Rodrigues de Melo","Melo","Y","Brazil","M",26,89,1996,2018
"Gard W. Otis","Otis","Y","Canada","M",1,2,2001,2018
"Gaspard Auguste Brullé","Brullé","N","France","M",2,51,1832,1840
"Gaurav Sharma","Sharma [G.]","Y","India","M",1,1,2015,2018
"Geoffrey Meade-Waldo","Meade-Waldo","N","United Kingdom","M",10,71,1912,1923
"Georg Wolfgang Franz Panzer","Panzer","N","Germany","M",10,88,1797,1812
"George Campbell Eickwort","Eickwort","N","United States of America","M",4,7,1969,1979
"George E. [Ned] Bohart","Bohart","N","United States of America","M",10,50,1942,1997
"George Norton Wolcott","Wolcott","N","Puerto Rico","M",1,1,1936,1936
"George Willis Kirkaldy","Kirkaldy","N","United Kingdom","M",1,1,1909,1909
"George [Robert] Gray","Gray","N","United Kingdom","M",1,1,1832,1832
"Georges [Jean Léopold Nicolas Frédéric] Cuvier","Cuvier","N","France","M",1,2,1798,1798
"Gerald Hölzler","Hölzler","Y","Austria","M",1,1,2011,2018
"Gerald [Jerry] Irving Stage","Stage","N","United States of America","M",3,4,1972,1997
"Gerard G. M. Schulten","Schulten","Y","Netherlands","M",1,7,1977,2018
"Gerd Knerer","Knerer","U","Canada","M",2,5,1964,1966
"Gerhard K. H. Przemeck","Przemeck","Y","Germany","M",1,1,2014,2018
"Gideon Kruseman","Kruseman","N","Netherlands","M",3,7,1950,1958
"Gideon Pisanty","Pisanty","Y","Israel","M",4,14,2016,2018
"Gijs van der Zanden","van der Zanden","N","Netherlands","M",20,71,1977,1998
"Giorgios A. Mavromoustakis","Mavromoustakis","U","Cyprus","M",65,186,1934,1968
"Giovanni Antonio Scopoli [Johannes Antonius Scopolius]","Scopoli","N","Italy","M",2,17,1763,1770
"Giovanni Battista Grassi","Grassi","N","Italy","M",1,1,1881,1881
"Giovanni Gribodo","Gribodo","N","Italy","M",24,140,1873,1926
"Giuseppe Fabrizio Turrisi","Turrisi","Y","Italy","M",1,7,2004,2018
"Glynn V. Maynard","Maynard","U","Australia","F",8,37,1991,2013
"Gottlieb August Wilhelm Herrich-Schäffer","Herrich-Schäffer","N","Germany","M",2,13,1839,1840
"Grace Adelbert Sandhouse","Sandhouse","N","United States of America","F",9,111,1923,1941
"Greg B. P. Davies","Davies","U","South Africa","M",2,11,2005,2006
"Grigory Kirilovich Razoumowsky [Razumovsky or Rzumovskii]","Razoumowsky","N","Switzerland","M",1,2,1789,1789
"Guaraci Duran Cordeiro","Cordeiro","Y","Austria","M",1,1,2015,2018
"Gudrun Koeniger","Koeniger [G.]","Y","Germany","F",1,1,1996,2018
"Guillaume-Antoine Olivier","Olivier","N","France","M",3,22,1789,1812
"Gustav Henschel","Henschel","N","Austria","M",1,1,1888,1888
"Gustave, baron de Romand","Romand","N","France","M",2,2,1840,1849
"Gérard Le Goff","Le Goff","Y","France","M",3,3,2003,2018
"Günther Enderlein","Enderlein","N","Germany","M",8,39,1903,1913
"H. Glenn Hall","Hall","Y","United States of America","M",1,1,2016,2018
"H. Markowsky","Markowsky","U","Germany","U",1,1,1938,1938
"H. Randall Hepburn","Hepburn","Y","South Africa","U",1,2,2001,2018
"Hanan Bytinski-Salz","Bytinski-Salz","N","Israel","M",1,1,1974,1974
"Hans Bischoff","Bischoff","N","Germany","M",11,59,1922,1954
"Hans Bänziger","Bänziger","Y","Canada","M",2,2,2011,2018
"Hans Höppner","Höppner","N","Germany","M",2,3,1899,1901
"Hans Richard Schwenninger","Schwenninger","U","Germany","M",1,5,2015,2015
"Hans [Franz Paul] Hedicke","Hedicke","N","Germany","M",19,72,1923,1942
"Haroldo Toro [Guttierez]","Toro","Y","Chile","M",32,147,1968,2018
"Harry Scott Smith","Smith [H. S.]","N","United States of America","M",3,12,1906,1907
"Hauke Koch","Koch","Y","United Kingdom","M",1,1,2010,2018
"Heinrich Friedrich August Karl Ludwig Friese","Friese","N","Germany","M",204,2457,1884,1941
"Henri Julien Charles, [dit le marquis] du Buysson","Buysson","N","France","M",6,9,1892,1903
"Henri Tournier","Tournier","N","Switzerland","M",3,4,1876,1901
"Henri [Louis Frédéric] de Saussure","Saussure","N","Switzerland","M",1,33,1890,1890
"Henry James Franklin","Franklin","N","United States of America","M",6,28,1907,1915
"Henry Lorenz Viereck","Viereck","N","United States of America","M",37,307,1902,1926
"Henry Maurice Pendlebury","Pendlebury","N","Malaysia","M",1,4,1923,1923
"Herbert Edward Milliron","Milliron","U","United States of America","M",2,3,1962,1970
"Herbert Ferlando Schwarz","Schwarz [H. F.]","N","United States of America","M",24,108,1926,1957
"Hermann August Krauss","Krauss","N","Austria","M",1,1,1909,1909
"Hermann Dewitz","Dewitz","N","Germany","M",1,2,1881,1881
"Hermann Priesner","Priesner","N","Austria","M",1,32,1957,1957
"Hermann Stadelmann","Stadelmann","N","Germany","M",3,11,1892,1898
"Hermann von Ihering","Ihering","N","Brazil","M",1,2,1903,1903
"Hermanus Gerardus Maria Teunissen","Teunissen","N","Netherlands","M",1,1,1992,1992
"Hideo Takahashi","Takahashi","U","Japan","M",1,1,1993,1993
"Hikmet Özbek","Özbek","Y","Turkey","M",1,1,1990,2018
"Hirohiko Nagase","Nagase","U","Japan","M",3,4,2003,2011
"Holger Heinrich Dathe","Dathe","Y","Germany","M",22,79,1977,2018
"Howell V. Daly","Daly","U","United States of America","M",6,31,1973,2007
"Huan Chen","Chen","Y","China","M",4,10,2009,2018
"Huan-li Xu","Xu","U","China","M",23,69,1994,2013
"Hugo G. Rodeck","Rodeck","N","United States of America","M",2,2,1931,1947
"Hugo von Buttel-Reepen","Buttel-Reepen","N","Germany","M",1,2,1906,1906
"Hyppolyte Janvier","Janvier","N","France","M",1,2,1955,1955
"Hywel Roberts","Roberts [H.]","U","United States of America","M",2,5,1984,1986
"Hüseyin Özdikmen","Özdikmen","Y","Turkey","M",1,2,2010,2018
"I-Hsin Sung","Sung","Y","Taiwan","M",2,5,2009,2018
"I. Barac","Barac","U",,"U",1,1,1977,1977
"I. H. Syed","Syed","U","Pakistan","U",1,3,1962,1962
"I. P. Kerenskij","Kerenskij","N",,"U",1,1,1919,1919
"Ian Cross","Cross [I.]","Y","United Kingdom","M",1,1,2017,2018
"Ian Harly Hanes Yarrow","Yarrow","N","United Kingdom","M",2,3,1955,1978
"Imre [Emerich] Frivaldszky [von Frivald]","Frivaldszky","N","Hungary","M",1,1,1876,1876
"Ismael Alejandro Hinojosa-Díaz","Hinojosa-Díaz","Y","United States of America","M",13,22,2003,2018
"J. Bär","Bär","N",,"M",2,9,1850,1853
"J. C. Puls","Puls","N",,"U",1,1,1869,1869
"J. M. Kolosov","Kolosov","N",,"U",1,3,1930,1930
"J. R. J. van Asperen de Boer","Asperen de Boer","U","Netherlands","M",5,5,1990,2007
"Jacob Sparre-Schneider","Sparre-Schneider","N","Norway","M",2,3,1909,1918
"Jacobus van der Vecht","van der Vecht","N","Netherlands","M",5,19,1927,1953
"Jacques de Beaumont","de Beaumont","N","Switzerland","M",1,1,1940,1940
"Jakub Straka","Straka","Y","Czech Republic","M",1,5,2012,2018
"James Chamberlain Crawford","Crawford","N","United States of America","M",36,136,1901,1932
"James Chester Bradley","Bradley","N","United States of America","M",1,1,1942,1942
"James Francis Stephens","Stephens","N","United Kingdom","M",1,3,1846,1846
"James R. Baker","Baker [J. R.]","U","United States of America","M",2,5,1972,1975
"Jan Daniel Preysler [or Johan Daniel Preyssler or Johann Daniel Preyßler]","Preysler","N","Czech Republic","M",2,2,1793,1793
"Jan May","May","U","Czech Republic","M",2,40,1942,1944
"Jan Noskiewicz","Noskiewicz","N","Poland","M",25,109,1922,1962
"Jan Pieter van Lith","van Lith","N","Netherlands","M",2,2,1949,1956
"Jan Smit","Smit","Y","Netherlands","M",2,22,2018,2018
"Jason Gibbs","Gibbs","Y","Canada","M",13,59,2006,2018
"Jean Antoine Dours","Dours","N","France","M",5,131,1861,1873
"Jean Baptiste Alphonse Déchauffour de Boisduval","Boisduval","N","France","M",1,1,1835,1835
"Jean Jules Pasteels","Pasteels","N","Belgium","M",22,237,1965,1987
"Jean Pérez","Pérez","N","France","M",29,636,1879,1913
"Jean-Baptiste Pierre Antoine de Monet, Chevalier de Lamarck","Lamarck","N","France","M",1,1,1817,1817
"Jean-Pierre Omer Anne Édouard Perris","Perris","N","France","M",2,6,1840,1852
"Jeane Guillaume Audinet-Serville","Audinet-Serville","N","France","M",2,20,1825,1828
"Jelle Devalez","Devalez","Y","Belgium","M",2,3,2015,2018
"Jerome George Rozen, Jr.","Rozen","Y","United States of America","M",19,47,1952,2018
"Jessica Janjic","Janjic","U","Canada","F",1,1,2001,2001
"Jessica Litman","Litman","Y","Switzerland","F",1,1,2016,2018
"Jessie E. Casad","Casad","N","United States of America","F",6,10,1895,1896
"Jesus Santiago Moure","Moure","N","Brazil","M",155,496,1940,2005
"Jian Yao","Yao","U","United States of America","U",1,1,2009,2009
"Jian-guo Fan","Fan","U","China","M",5,19,1990,1992
"Jimmy R. White","White [J. R.]","U","United States of America","M",1,4,1952,1952
"Jinhaku Sonan","Sonan","N","Taiwan","M",2,3,1929,1934
"Jir[diacritic]í Hadrava","Hadrava","Y","Czech Republic","M",1,1,2018,2018
"Joan G. Ehrenfeld","Ehrenfeld","N","United States of America","F",1,3,1977,1977
"Johan Christian Fabricius","Fabricius","N","Denmark","M",8,208,1775,1804
"Johan Wilhelm Zetterstedt","Zetterstedt","N","Sweden","M",1,14,1838,1838
"Johann Caspar Füessly [or Füssli]","Füessly","N","Switzerland","M",1,1,1775,1775
"Johann Centurius [Hoffmann Graf von] Hoffmannsegg","Hoffmannsegg","N","Germany","M",2,2,1817,1818
"Johann Dietrich Alfken","Alfken","N","Germany","M",133,377,1889,1944
"Johann Friedrich Gmelin","Gmelin","N","Germany","M",1,25,1790,1790
"Johann Friedrich von Eschscholtz","Eschscholtz","N","Estonia","M",1,1,1822,1822
"Johann Gotthelf Fischer von Waldheim [or Grigorij Ivanovitsch Fischer von Waldheim]","Fischer de Waldheim","N","Russian Federation","M",1,2,1843,1843
"Johann Karl Wilhelm Illiger","Illiger","N","Germany","M",1,23,1806,1806
"Johann Ludwig Christ","Christ","N","Germany","M",1,35,1791,1791
"Johann Ludwig [Christian] Carl Gravenhorst","Gravenhorst","N","Germany","M",1,3,1807,1807
"Johann Reinhold Forster","Forster","N","United Kingdom","M",1,2,1771,1771
"Johannes Heinrich Justus Carl Ernst (Hans) Brauns","Brauns","N","South Africa","M",15,57,1902,1930
"Johannes Schuberth","Schuberth","U","Germany","M",1,1,1995,1995
"Johannes [von Nepomuk Franz Xavier] Gistel","Gistel","N","Germany","M",2,9,1848,1857
"John Colburn Bridwell","Bridwell","N","United States of America","M",1,21,1919,1919
"John Curtis","Curtis","N","United Kingdom","M",5,10,1828,1835
"John Harvey Lovell","Lovell","N","United States of America","M",11,37,1905,1911
"John K. Bouseman","Bouseman","U","United States of America","M",3,9,1970,1979
"John L. [Jack] Neff","Neff","Y","United States of America","M",8,9,2002,2018
"John Obadiah Westwood","Westwood","N","United Kingdom","M",6,20,1835,1875
"John Russell Malloch","Malloch","N","United States of America","M",1,3,1917,1917
"John Stoskopf Ascher","Ascher","Y","United States of America","M",6,6,2006,2018
"John W. Greene, M.D.","Greene","N","United States of America","M",2,5,1858,1860
"John Winslow MacSwain","MacSwain","N","United States of America","M",7,25,1955,1968
"Jorge Arturo Lobo Segura","Lobo Segura","Y","Brazil","M",1,1,1997,2018
"Jorge M. González","González","Y","Venezuela","M",1,3,1989,2018
"Josef Anton Maximilian Perty","Perty","N","Germany","M",1,7,1833,1833
"Josef Heinrich","Heinrich","N","Germany","M",1,4,1977,1977
"Josef [or Joseph] von Hagens","Hagens","N","Germany","M",3,24,1874,1882
"Joseph Bequaert","Bequaert","N","United States of America","M",2,6,1920,1925
"Joseph Kriechbaumer","Kriechbaumer","N","Germany","M",8,29,1869,1900
"Joseph Vachal","Vachal","N","France","M",36,747,1891,1922
"Joseph-Étienne Giraud","Giraud","N","France","M",4,27,1857,1871
"Josephine Christina Cardale","Cardale","U","Australia","F",1,1,1993,1993
"José Eustáquio Santos Júnior","Santos Júnior","Y","Brazil","M",2,2,2013,2018
"José Manuel Macário Rebêlo","Rebêlo","Y","Brazil","M",2,4,1995,2018
"José Marianno Carneiro da Cunha Filho","Marianno","N","Brazil","M",1,1,1911,1911
"José María Dusmet [y] Alonso","Dusmet y Alonso","N","Spain","M",13,67,1908,1935
"José Ricardo Cure","Cure","Y","Colombia","M",3,14,1989,2018
"João Maria Franco de Camargo","Camargo","N","Brazil","M",27,87,1980,2012
"Juan (Jean) Brèthes","Brèthes","N","Argentina","M",10,72,1903,1924
"Juan Carlos Sandino-Franco","Sandino-Franco","U","Colombia","M",1,1,1997,1997
"Juan M. Labougle","Labougle","Y","Mexico","M",1,1,1985,2018
"Juan Pablo Torretta","Torretta","Y","Argentina","M",1,2,2016,2018
"Judith King","King","N","Australia","F",2,9,1985,1994
"Jules Dominique","Dominique","N","France","M",1,10,1898,1898
"Jules Lichtenstein","Lichtenstein","N","France","M",3,3,1872,1879
"Julio A. Genaro","Genaro","Y","United States of America","M",12,22,1998,2018
"Jérôme Munzinger","Munzinger","Y","France","M",2,7,2003,2018
"Józef Banaszak","Banaszak","Y","Poland","M",1,1,1984,2018
"K. Sajan Jose","Sajan Jose","Y","India","M",1,2,2017,2018
"Kamel Louadi","Louadi","Y","Algeria","M",1,1,2011,2018
"Karl Mazzucco","Mazzucco","U","Austria","M",2,2,1999,2011
"Karl N. Magnacca","Magnacca","Y","United States of America","M",3,13,2003,2018
"Karl Vorse Krombein","Krombein","N","United States of America","M",4,14,1949,1953
"Karl Wilhelm von Dalla Torre","Dalla Torre","N","Austria","M",10,167,1877,1896
"Karl [Carl] Wilhelm Verhoeff","Verhoeff [K.]","N","Germany","M",5,14,1890,1892
"Karl-Heinz Schwammberger","Schwammberger","U","Germany","M",4,9,1971,1976
"Katja Hogendoorn","Hogendoorn","Y","Australia","F",3,9,2015,2018
"Katsuji Tsuneki","Tsuneki","N","Japan","M",8,117,1973,1986
"Katsushi Mitai","Mitai","U","Japan","M",6,8,2003,2013
"Kees [Cornelius] van Achterberg","van Achterberg","Y","Switzerland","M",1,1,1992,2018
"Keizô Yasumatsu","Yasumatsu","N","Japan","M",39,80,1933,1969
"Kelli dos Santos Ramos","Ramos","Y","Brazil","F",6,11,2006,2018
"Ken W. Cooper","Cooper","U","United States of America","M",2,3,1993,1993
"Kenneth L. Walker","Walker [K. L.]","U","Australia","M",6,101,1986,2013
"Kim E. Steiner","Steiner","Y","United States of America","M",5,17,1992,2018
"Kim Timmermann","Timmermann","Y","Germany","M",2,40,2008,2018
"Kimio Yoshikawa","Yoshikawa","U","Japan","M",1,1,1961,1961
"Klaus Schönitzer","Schönitzer","U","Germany","M",2,2,1997,2002
"Klaus Standfuss","Standfuss","Y","Gambia","M",1,4,2007,2018
"Klaus Warncke","Warncke","N","Germany","M",70,866,1964,1993
"Klaus Zimmermann","Zimmermann","N","Germany","M",1,1,1935,1935
"Konrad Schmidt","Schmidt","U","Germany","M",1,1,1993,1993
"Korrawat Attasopa","Attasopa","Y","Thailand","M",1,1,2018,2018
"Kurt [Curt] Schrottky","Schrottky","N","Brazil","M",40,368,1901,1920
"Lajos Tanács","Tanács","U","Hungary","M",1,1,1984,1984
"Laurence Packer","Packer","Y","Canada","M",28,63,1993,2018
"Leah LaPerle Larkin","Larkin","Y","United States of America","F",3,6,2002,2018
"Leandro Mattos Santos","Santos [L. M.]","Y","Brazil","M",3,11,2009,2018
"Leif D. Deyrup","Deyrup [L. D.]","U","United States of America","M",1,1,2011,2011
"Leland Chandler","Chandler","U","United States of America","M",1,1,1956,1956
"Leland Ossian Howard","Howard","N","United States of America","M",1,1,1902,1902
"Leopold Mader","Mader","N","Austria","M",1,1,1933,1933
"Leopoldo J. Alvarez","Alvarez","Y","Argentina","M",1,1,2016,2018
"Leslie J. Dollin","Dollin [L. J.]","U","Denmark","M",1,1,2015,2015
"Lionel A. Stange","Stange","U","United States of America","M",2,3,1964,1983
"Lois Breimeier O'Brien","O'Brien","U","United States of America","F",2,3,1963,1965
"Louis Jurine","Jurine","N","Switzerland","M",1,8,1807,1807
"Louis Jérôme Reiche","Reiche","N","France","M",1,1,1847,1847
"Louise M. Ireland","Ireland","N","United States of America","F",1,1,1935,1935
"Lucy Evelyn Cheesman","Cheesman","N","United Kingdom","F",7,39,1928,1953
"Ludwig Imhoff","Imhoff","N","Switzerland","M",3,22,1832,1868
"Luigi Masi","Masi","N","Italy","M",1,1,1930,1930
"Luis A. Compagnucci","Compagnucci","Y","Argentina","M",7,18,2003,2018
"Luis Manuel Godínez-García","Godínez-García","Y","Mexico","M",1,1,1997,2018
"Luisa Ruz","Ruz","Y","Chile","F",15,48,1969,2018
"Luiz R. R. Faria","Faria","Y","Brazil","M",1,1,2011,2018
"Lynn Siri Kimsey","Kimsey","U","United States of America","F",1,12,1977,1977
"Léo Correia da Rocha-Filho","Rocha-Filho","Y","Canada","M",5,8,2011,2018
"Léon Abel Provancher","Provancher","N","Canada","M",6,61,1882,1896
"Léon Marc Herminie Fairmaire","Fairmaire","N","France","M",2,2,1847,1858
"Léon [Jean Marie] Dufour","Dufour","N","France","M",4,15,1840,1853
"M. Herrera","Herrera","U","Spain","U",1,3,1980,1980
"M. L. Thakur","Thakur","U","India","M",1,1,1999,1999
"Makoto Kato","Kato","Y","Japan","M",1,1,1991,2018
"Makoto Shiokawa","Shiokawa","U","Japan","M",12,33,1969,2015
"Manfredo A. Fritz","Fritz","Y","Argentina","M",3,15,1990,2018
"Marcio Luiz de Oliveira","Oliveira [M. L.]","Y","Brazil","M",4,6,2006,2018
"Marco A. Gaiani","Gaiani","Y","Venezuela","M",1,3,1989,2018
"Marco Antônio Costa","Costa [M. A.]","Y","Brazil","M",1,1,2009,2018
"Maria Christina de Almeida","Almeida [M. C.]","Y","Brazil","F",5,9,1985,2018
"Maria Cristina Arias","Arias","Y","Brazil","F",1,1,1998,2018
"Maria Fernanda Trucco Alemán","Trucco Alemán","U","Argentina","F",1,5,1999,1999
"Mariano Lucia","Lucia","Y","Argentina","M",3,6,2006,2018
"Marina D. Meixner","Meixner","Y","Germany","F",2,2,1998,2018
"Marina Siqueira de Castro","Castro","Y","Brazil","F",1,1,2001,2018
"Marion Durbin Ellis","Ellis","N","United States of America","F",6,26,1913,1924
"Mark Amidon Deyrup","Deyrup [M. A.]","Y","United States of America","M",3,3,2004,2018
"Marlene Lucia Aguilar-Benavides","Aguilar-Benavides","Y","Colombia","F",1,2,2014,2018
"Martin Hrabé de Angelis","Angelis","Y","Germany","M",1,1,2014,2018
"María Fernanda Rodríguez","Rodríguez [M. F.]","U","Argentina","F",1,2,2004,2004
"Masao Ito","Ito","U","Japan","M",1,1,1980,1980
"Masashi Goubara","Goubara","U","Japan","M",1,1,2011,2011
"Maurits Anne Lieftinck","Lieftinck","N","Indonesia","M",19,133,1944,1983
"Max Kasparek","Kasparek","Y","Germany","M",2,3,2018,2018
"Max Müller","Müller [M.]","N","Germany","M",5,10,1913,1936
"Maxim Yurievich Proshchalykin","Proshchalykin","Y","Russian Federation","M",18,27,2004,2018
"Maximilian Schwarz","Schwarz [M.]","N","Austria","M",49,144,1963,2018
"Maximilian Spinola","Spinola","N","Italy","M",11,169,1805,1854
"Meeta Tomar","Tomar [M.]","U","India","U",1,1,2005,2005
"Meiyo Munakata","Munakata","U","Japan","F",1,1,1990,1990
"Messele Abebe Leta","Leta","U","Germany","U",1,1,2011,2011
"Mi-Lyang Kim","Kim [M.-L]","U","Korea, South","U",1,4,1989,1989
"Michael Batley","Batley","Y","Australia","M",5,44,2012,2018
"Michael Christopher Orr","Orr","Y","United States of America","M",3,9,2015,2018
"Michael Kuhlmann","Kuhlmann","Y","United Kingdom","M",41,140,1998,2018
"Michael P. Schwarz","Schwarz [M. P.]","Y","Australia","M",1,1,2003,2018
"Michael S. Arduser","Arduser","Y","United States of America","M",1,2,2010,2018
"Michael Scott Engel","Engel","N","United States of America","M",131,249,1995,2019
"Michael Terzo","Terzo","U","Belgium","M",5,14,1997,2004
"Mike Herrmann","Herrmann","U","Germany","M",1,1,2001,2001
"Miklós Móczár","Móczár","N","Hungary","M",2,3,1956,1967
"Miroslav Kocourek","Kocourek","U","Czech Republic","M",3,6,1985,1998
"Miroslawa Dylewska","Dylewska","N","Poland","F",1,1,1958,1958
"Misaki Abe","Abe","U","Japan","F",3,13,1996,2011
"Modesto Quilis-Pérez","Quilis","N","Spain","M",2,17,1928,1932
"Mohamed Shebl","Shebl","Y","Japan","M",2,3,2011,2018
"Mohammed A. Hannan","Hannan","Y","United States of America","M",2,2,2012,2018
"Molly Greer Rightmyer","Rightmyer","Y","United States of America","F",10,50,2003,2018
"Moses Harris","Harris","N","United Kingdom","M",2,18,1776,1780
"Myron Harmon Swenk","Swenk","N","United States of America","M",19,112,1904,1938
"N. Arnold","Arnold","N",,"M",2,2,1888,1894
"N. P. Chopra","Chopra","U","India","U",1,3,1994,1994
"N. Stschegloff","Stschegloff","N","Russian Federation","M",1,1,1826,1826
"NIkolaj Nikolajevitsch Kuznetsov-Ugamsky","Kuznetsov-Ugamsky","N","Russian Federation","M",1,1,1927,1927
"Nadia S. Gibran","Gibran","Y","Brazil","F",1,1,2017,2018
"Natapot Warrit","Warrit","Y","Thailand","M",2,2,2012,2018
"Neno Atanassov","Atanassov","U","Bulgaria","M",1,1,1938,1938
"Nikita Rafailovich Kokujev","Kokujev","N","Russian Federation","M",3,6,1905,1927
"Nikolaus Koeniger","Koeniger [N.]","Y","Germany","M",2,2,1996,2018
"Nils Samuel Swederus","Swederus","N","Sweden","M",1,2,1787,1787
"Nina Grigo'yevna Davydova","Davydova","U","Russian Federation","F",2,2,2002,2004
"Norma Ebolie LeVeque","LeVeque","N","United States of America","F",3,18,1925,1933
"Noudjoud Benarfa","Benarfa","U","Algeria","F",1,1,2011,2011
"Oktawiusz Wincenty Bourmeister-Radoszkowski","Radoszkowski","N","Russian Federation","M",39,238,1860,1893
"Oliver H. Wild","Wild","N","United Kingdom","M",1,1,1931,1931
"Olivia Yáñez-Ordóñez","Yáñez-Ordóñez","Y","Mexico","F",1,3,2007,2018
"Orin Alva Stevens","Stevens","N","United States of America","M",2,4,1919,1920
"Osamu Tadauchi","Tadauchi","Y","Japan","M",53,111,1979,2018
"Oskar Vogt","Vogt","N","Germany","M",4,62,1908,1947
"Oswin S. Wickwar","Wickwar","N","Sri Lanka","M",1,1,1908,1908
"Otto E. Plath","Plath","N","United States of America","M",1,5,1925,1925
"Otto Friedrich Müller","Müller [O. F.]","N","Denmark","M",2,13,1766,1776
"Otto Rebmann","Rebmann","U","Germany","M",4,20,1968,1972
"Otto Schmiedeknecht","Schmiedeknecht","N","Germany","M",7,120,1878,1900
"Owain Westmacott Richards","Richards","N","United Kingdom","M",15,50,1928,1979
"P. Girish Kumar","Kumar [P. G.]","Y","India","M",1,1,2015,2018
"P. M. F. Verhoeff","Verhoeff [P. M. F.]","U",,"M",1,1,1944,1944
"P. Niemelä","Niemelä","U","Finland","U",3,4,1936,1949
"P. Petrov","Petrov","U","Bulgaria","U",1,1,1991,1991
"Paola Marchi","Marchi","Y","Brazil","F",2,9,2005,2018
"Patrícia maria Correia de Albuquerque","Albuquerque","U","Brazil","F",1,8,2007,2007
"Paul August Victor Blüthgen","Blüthgen","N","Germany","M",63,535,1914,1961
"Paul David Hurd, Jr.","Hurd","N","United States of America","M",19,47,1954,1987
"Paul Herbst","Herbst","N","Chile","M",10,21,1908,1924
"Paul Hugh Williams","Williams","Y","United Kingdom","M",3,3,2009,2018
"Paul Lozinski","Lozinski","N","Poland","M",1,8,1922,1922
"Paul Westrich","Westrich","Y","Germany","M",3,4,1993,2018
"Paula A. Sepúlveda","Sepúlveda","U","Colombia","F",1,1,2007,2007
"Paulo Magretti","Magretti","N","Italy","M",8,24,1883,1899
"Per Olof Christopher Aurivillius","Aurivillius","N","Sweden","M",2,4,1903,1914
"Percy Tarlton Rayment","Rayment","N","Australia","M",48,321,1927,1959
"Peter Cameron","Cameron [P.]","N","United Kingdom","M",44,331,1889,1913
"Peter Fredrik Wahlberg","Wahlberg","N","Sweden","M",2,2,1854,1854
"Peter Jørgensen [Pedro Jörgensen]","Jørgensen","N","Paraguay","M",3,56,1909,1912
"Peter Simon Pallas","Pallas","N","Russian Federation","M",3,5,1771,1773
"Petr Bogusch","Bogusch","Y","Czech Republic","M",2,4,2018,2018
"Philip Hunter Timberlake","Timberlake","N","United States of America","M",68,1051,1926,1980
"Philipp Adolph Schenck","Schenck","N","Germany","M",12,186,1851,1876
"Philippe James Baldensperger","Baldensperger","N","Palestine","M",1,1,1932,1932
"Pia Oremek","Oremek","Y","Germany","F",1,1,2013,2018
"Pierre André Latreille","Latreille","N","France","M",12,56,1799,1817
"Pierre Frank","Frank","U","France","M",1,1,2004,2004
"Pierre L.G. Benoit","Benoit","N","Belgium","M",1,6,1950,1950
"Pierre Rasmont","Rasmont","Y","Belgium","M",8,13,1982,2018
"Pietro Rossi","Rossi","N","Italy","M",3,18,1790,1794
"Pál Benedek","Benedek","U","Hungary","M",1,1,1973,1973
"Qiang Li","Li","U","China","M",2,2,2012,2013
"R. N. Muttoo","Muttoo","U","India","U",1,1,1951,1951
"Radclyffe Burnand Roberts","Roberts [R. B.]","N","United States of America","M",3,26,1971,1987
"Rafael R. Ferrari","Ferrari","Y","Brazil","M",5,12,2012,2018
"Rainer Thiele","Thiele","U","Germany","M",1,1,2005,2005
"Rajiv K. Gupta","Gupta","Y","India","M",27,62,1987,2018
"Raymond Benoist","Benoist","N","France","M",49,291,1922,1969
"Raymond V. Hensen","Hensen","U","Netherlands","M",1,1,1987,1987
"Reiner Theunert","Theunert","Y","Germany","M",2,2,2007,2018
"Reinhold Meyer","Meyer","N","Germany","M",7,68,1920,1926
"Remko Leijs","Leijs","Y","Australia","M",4,11,2000,2018
"Renee M. Borges","Borges","Y","India","F",1,1,2003,2018
"Ricardo Ayala Barajas","Ayala","Y","Mexico","M",11,39,1985,2018
"Richard W. Rust","Rust","U","United States of America","M",1,3,1986,1986
"Rita I. Velez-Ruiz","Velez-Ruiz","Y","United States of America","F",1,2,2013,2018
"Robbin W. Thorp","Thorp","Y","United States of America","M",7,19,1963,2018
"Robert Cyril Layton Perkins","Perkins","N","United Kingdom","M",20,102,1895,1939
"Robert Louis Dressler","Dressler","Y","Costa Rica","M",6,40,1978,2018
"Robert W. Brooks","Brooks","U","United States of America","M",21,104,1987,2002
"Rocío Ana González-Vaquero","González-Vaquero","Y","Argentina","F",5,10,2005,2018
"Roderic B. Martines","Martines","Y","Brazil","M",1,1,2009,2018
"Rodolfo Amando (or Rudolph Amandus) Philippi","Philippi","N","Chile","M",1,2,1866,1866
"Rodrigo Barbosa Gonçalves","Gonçalves [R. B.]","Y","Brazil","M",12,38,2006,2018
"Rodrigo da Cunha","Cunha","U","Brazil","M",1,1,2001,2001
"Rodulfo Ospina-Torres","Ospina-Torres","Y","Colombia","M",3,3,1997,2018
"Roger Darchen","Darchen","U","France","M",3,3,1971,1981
"Ronald J. McGinley","McGinley","U","United States of America","M",3,24,1986,2003
"Rosalind Patricia Urban","Urban [R. P.]","N","South Africa","F",2,6,2006,2010
"Roscoe E. Hill","Hill","N","United States of America","M",1,1,1936,1936
"Roy R. Snelling","Snelling","N","United States of America","M",26,79,1962,1997
"Rui Zhang","Zhang","U","China","F",3,4,2011,2012
"Ruth Sumner","Sumner","N","United States of America","F",1,4,1931,1931
"Ryuki Murao","Murao","Y","Japan","M",9,19,2006,2018
"Ryôichi Miyanaga","Miyanaga","Y","Japan","M",2,2,1994,2018
"Ryôsuke Ishikawa","Ishikawa","U","Japan","M",2,6,1969,1972
"S. C. Chiu","Chiu","U","Taiwan","F",1,8,1949,1949
"S. S. Grozdanic","Grozdanic","N",,"U",1,1,1926,1926
"Sabita Simlote","Simlote","U","India","F",7,19,1993,1995
"Salim Tingek","Tingek","Y","Malaysia","M",1,1,1996,2018
"Salvatore Vicidomini","Vicidomini","Y","Italy","M",5,7,2001,2018
"Samuel Constantinus Snellen van Vollenhoven","Vollenhoven","N","Netherlands","M",2,2,1858,1873
"Samuel Peter Schilling","Schilling","N","Germany","M",2,3,1849,1849
"Sandra M. Rehan","Rehan","Y","United States of America","F",1,1,2011,2018
"Sandra S. Shanks [Gingras]","Shanks","U","United States of America","F",3,15,1978,1987
"Santiago Ramírez","Ramírez","Y","United States of America","M",3,3,2005,2018
"Sarah E. Radloff","Radloff","U","South Africa","F",1,2,2001,2001
"Sebastião Laroca","Laroca","Y","Brazil","M",2,2,2005,2018
"Sergey P. Ivanov","Ivanov","Y","Ukraine","M",1,1,2012,2018
"Seunghwan Lee","Lee [S.]","Y","Korea, South","M",1,1,2005,2018
"Sharon Rodríguez","Rodríguez [S.]","Y","Chile","F",2,3,1998,2018
"Shashidhar Viraktamath","Viraktamath","Y","India","M",1,2,2017,2018
"Sheila Dumesh","Dumesh","Y","Canada","F",8,44,2011,2018
"Sherlem Patricia de Seixas Felizardo","Felizardo","Y","Brazil","F",1,3,2014,2018
"Shonen Matsumura","Matsumura [S.]","N","Japan","M",6,24,1910,1932
"Shuichi Ikudome","Ikudome","Y","Japan","M",8,15,1989,2018
"Shusaburo Tamasawa","Tamasawa","U","Japan","M",1,1,1984,1984
"Shôichi F. Sakagami","Sakagami","N","Japan","M",35,53,1954,1996
"Sidney Smith Saunders","Saunders [S. S.]","N","United Kingdom","M",1,2,1850,1850
"Sievert Allen Rohwer","Rohwer","N","United States of America","M",3,4,1907,1923
"Sigmund Graenicher","Graenicher","N","United States of America","M",7,24,1903,1935
"Silas Bossert","Bossert","Y","United States of America","M",1,1,2019,2018
"Silvana P. Durante","Durante","U","Argentina","F",4,7,1996,2012
"Silvia Regina de Menezes Pedro","Pedro","Y","Brazil","F",8,33,1997,2018
"Simon M. Tierney","Tierney","Y","Australia","M",1,1,2003,2018
"Somnuk Boongird","Boongird","U","Thailand","M",1,1,2004,2004
"Spencer K. Monckton","Monckton","Y","Canada","M",1,8,2016,2018
"Stanislaw Batys Górski","Górski","N","Poland","M",1,1,1852,1852
"Stefan Fuchs","Fuchs","Y","Germany","M",1,1,2011,2018
"Stefan Vogel","Vogel","N","Germany","M",1,1,1985,1985
"Stellan Erlandsson","Erlandsson","N","Sweden","M",4,5,1953,1983
"Stephan Risch","Risch","Y","Germany","M",6,26,1997,2018
"Stephen Gavilan Reyes","Reyes","N","United States of America","M",4,21,1990,1993
"Stewart N. Dunning","Dunning","N","United States of America","M",3,3,1897,1898
"Sundar Lal Sharma","Sharma [S. L.]","U","India","M",6,24,1993,1999
"Suniti Tomar","Tomar [S.]","U","India","U",1,1,2005,2005
"Suzanne Willington Tubby Batra","Batra","Y","United States of America","F",1,1,1966,2018
"Swantje Grabener","Grabener","Y","Germany","F",1,1,2017,2018
"Sydney Cameron","Cameron [S.]","Y","United States of America","F",1,1,2009,2018
"Sydney G. Cannings","Cannings","Y","Canada","M",1,1,2016,2018
"Sydney Harold Skaife","Skaife","N","South Africa","M",1,1,1953,1953
"Sébastien Patiny","Patiny","Y","Belgium","M",20,28,1997,2018
"T. C. Narendran","Narendran","N","India","M",1,1,2004,2004
"T. Jobiraj","Jobiraj","U","India","M",2,3,2004,2004
"Takao Itino","Itino","Y","Japan","M",1,1,1991,2018
"Takeo Yamauchi","Yamauchi","Y","Japan","M",1,1,2009,2018
"Takeshi Matsumura","Matsumura [T.]","Y","Japan","M",3,10,1987,2018
"Tamiji Inoue","Inoue","N","Japan","M",3,4,1985,1989
"Tat'yana Pavlovna Marikovskaya","Marikovskaya","N","Kazakhstan","F",1,1,1976,1976
"Tatiana G. Romankova","Romankova","U","Russian Federation","F",6,12,1983,2011
"Terry F. Houston","Houston","Y","Australia","M",12,75,1975,2018
"Terry L. Griswold","Griswold","Y","United States of America","M",57,142,1983,2018
"Theodore Bertis Mitchell","Mitchell","N","United States of America","M",29,391,1924,1962
"Theodore Dru Alison Cockerell","Cockerell","N","United States of America","M",801,6028,1894,1951
"Theodore Henry Frison","Frison","N","United States of America","M",11,52,1921,1935
"Theodosio De Stefani Perez","De Stefani","N","Italy","M",4,11,1882,1889
"Thiago Mahlmann","Mahlmann","Y","Brazil","M",3,3,2012,2018
"Thomas Blackburn","Blackburn","N","United States of America","M",1,4,1886,1886
"Thomas Eltz","Eltz","Y","Gambia","M",1,1,2011,2018
"Thomas J. Pohl","Pohl","U","United States of America","M",1,1,2006,2006
"Thomas J. Wood","Wood","Y","United States of America","M",1,1,2017,2018
"Thomas J. Zavortink","Zavortink","Y","United States of America","M",6,7,1972,2018
"Thomas M. Onuferko","Onuferko","Y","Canada","M",1,15,2018,2018
"Thomas Say","Say","N","United States of America","M",4,41,1823,1837
"Timofey Victorovich Levchenko","Levchenko","Y","Russian Federation","M",1,1,2017,2018
"Tohru Uchida","Uchida","N","Japan","M",2,5,1926,1926
"Tsing-chao Maa","Maa","N","China","M",14,54,1936,1970
"Urless [Url] N. Lanham","Lanham","N","United States of America","M",5,6,1949,1987
"V. K. Tewari","Tewari","U","India","U",3,3,1987,1993
"Valentin Torka","Torka","N","Poland","M",3,5,1913,1927
"Victor Cabezas","Cabezas","U",,"M",2,15,1977,1978
"Victor Hugo Gonzalez [Betancourt]","Gonzalez","Y","United States of America","M",44,101,2004,2018
"Victor Motschulsky","Motschulsky","N","Russian Federation","M",2,2,1863,1866
"Victor-Alphonse Huard [born Joseph-Alphonse Huard]","Huard","N","Canada","M",3,3,1895,1897
"Vinalto Graf","Graf","U","Brazil","M",4,5,1993,2008
"Vincent Booth Whitehead","Whitehead","N","South Africa","M",6,20,1992,2008
"Vinita Sharma","Sharma [V.]","U","India","U",1,1,1999,1999
"Virendra-Kumar","Virendra-Kumar","Y","India","U",1,1,1990,2018
"Vittorio Nobile","Nobile","Y","Italy","M",4,10,1990,2018
"Vladimir G. Radchenko","Radchenko","Y","Ukraine","M",3,3,2012,2018
"Vladimir Veniaminovich Popov","Popov","N","Russian Federation","M",47,151,1927,1967
"Vladimír Balthasar","Balthasar","N","Czech Republic","M",1,1,1958,1958
"Volker Haessler","Haessler","U","Germany","M",1,1,2005,2005
"Volker Mauss","Mauss","Y","Germany","M",1,2,2016,2018
"Vsevolod Vladimirovich Gussakovsky","Gussakovsky","N","Russian Federation","M",3,20,1930,1936
"W. W. Alpatov","Alpatov","N","United States of America","U",1,1,1935,1935
"Wallace Edmund LaBerge","LaBerge","N","United States of America","M",33,206,1955,2005
"Walter S. Sheppard","Sheppard","Y","United States of America","M",1,1,1998,2018
"Walter Wilson Froggatt","Froggatt","N","Australia","M",2,2,1893,1896
"Walther Schmid","Schmid","N","Switzerland","M",1,1,1872,1872
"Wan He","He","U","China","U",2,2,1985,1990
"Wang S.-f.","Wang","U","China","U",3,15,1979,1985
"Warwick Estevam Kerr","Kerr","N","Brazil","M",1,4,1950,1950
"Wensdae Miller","Miller","U","United States of America","F",1,2,2010,2010
"Wenzel Benno Seidl","Seidl","N","Czech Republic","M",1,6,1838,1838
"Wilhelm Albert Schulz","Schulz","N","France","M",4,29,1904,1906
"Wilhelm Ferdinand Erichson","Erichson","N","Germany","M",8,40,1835,1851
"Wilhelm Grünwaldt","Grünwaldt","N","Germany","M",2,7,1976,2005
"William Evans","Evans [W.]","N",,"M",1,1,1901,1901
"William F. Reinig","Reinig","N","Germany","M",10,23,1930,1988
"William Forsell Kirby","Kirby [W. F.]","N","United Kingdom","M",6,20,1880,1900
"William Hampton Patton","Patton","N","United States of America","M",5,10,1879,1880
"William Harris Ashmead","Ashmead","N","United States of America","M",15,57,1890,1915
"William Joseph Fox","Fox [W. J.]","N","United States of America","M",12,34,1890,1902
"William Joseph Rainbow","Rainbow","N","Australia","M",1,1,1897,1897
"William Kirby","Kirby [W.]","N","United Kingdom","M",3,162,1802,1837
"William Nylander","Nylander","N","Finland","M",4,61,1848,1856
"William P. Stephen","Stephen","N","United States of America","M",2,15,1953,1954
"William T. Wcislo","Wcislo","Y","Panama","M",2,3,1990,2018
"Wilmatte Porter [Cockerell]","Porter","N","United States of America","F",2,10,1899,1904
"Woldemar Trautmann","Trautmann [W.]","N",,"M",1,1,1915,1915
"Y. B. Soukontoua","Soukontoua","U","Cameroon","U",1,2,2016,2016
"Ya Tang","Tang","U","China","U",1,1,2009,2009
"Yan-ru Wu","Wu","U","China","F",49,243,1962,2012
"Yasuo Maeta","Maeta","Y","Japan","M",5,15,1974,2018
"Yoshihiro Hirashima","Hirashima","Y","Japan","M",80,270,1950,2018
"Yoshito Haneda","Haneda","U","Japan","M",2,3,1973,1983
"Yulia V. Astafurova","Astafurova","Y","Russian Federation","F",10,16,2004,2018
"Yuriy Andreyevich Pesenko","Pesenko","N","Russian Federation","M",30,76,1977,2014
"Yuvarin [Rak] Boontop","Boontop","Y","Thailand","F",1,1,2017,2018
"Zach M. Portman","Portman","Y","United States of America","M",4,10,2016,2018
"Ze-qing Niu","Niu","Y","China","M",12,27,2004,2018
"Zewdu Ararso Hora","Hora","Y","Ethiopia","M",1,1,2013,2018
"[Carl Eduard] Adolph Gerstäcker","Gerstäcker","N","Germany","M",7,86,1857,1872
"[Charles] Émile Blanchard","Blanchard","N","France","M",3,6,1840,1849
"[Johann Christoph] Friedrich Klug","Klug","N","Germany","M",8,50,1807,1845
"[Karl] Hermann [Konrad] Burmeister","Burmeister","N","Argentina","M",1,7,1876,1876
"[Pierre-]Hippolyte Lucas","Lucas","N","France","M",4,24,1849,1882
"Étienne Louis Geoffroy","Geoffroy","N","France","M",2,16,1762,1785
"Étienne-Laurent-Joseph-Hippolyte Boyer de Fonscolombe","Fonscolombe","N","France","M",4,6,1832,1879
